Sprite,Position,Nickname,Species,Nature,Gender,ESV,HP_Type,Ability,Move1,Move2,Move3,Move4,HeldItem,HP,ATK,DEF,SPA,SPD,SPE,MetLoc,EggLoc,Ball,OT,Version,OTLang,Legal,CountryID,RegionID,DSRegionID,EC,PID,HP_IV,ATK_IV,DEF_IV,SPA_IV,SPD_IV,SPE_IV,EXP,Level,HP_EV,ATK_EV,DEF_EV,SPA_EV,SPD_EV,SPE_EV,Cool,Beauty,Cute,Smart,Tough,Sheen,Markings,NotOT,AbilityNum,GenderFlag,AltForms,PKRS_Strain,PKRS_Days,MetLevel,OT_Gender,FatefulFlag,IsEgg,IsNicknamed,IsShiny,TID,SID,TSV,Move1_PP,Move2_PP,Move3_PP,Move4_PP,Move1_PPUp,Move2_PPUp,Move3_PPUp,Move4_PPUp,Relearn1,Relearn2,Relearn3,Relearn4,Checksum,Friendship,OT_Affection,Egg_Year,Egg_Month,Egg_Day,Met_Year,Met_Month,Met_Day,Encounter
,BOX1:01,LUGIA,Lugia,Hardy,-,65535,Dark,,Aeroblast,Recover,Safeguard,Toxic,Leftovers,415,278,358,278,406,318,Whirl Islands,(None),None,SILVER,,ENG (English),TRUE,N/A,N/A,N/A,0,0,15,15,15,15,15,15,1250000,100,65535,65535,65535,65535,65535,65535,0,0,0,0,0,0,0,N/A,-1,2,0,0,0,60,0,FALSE,FALSE,FALSE,FALSE,55330,0,0,8,32,40,16,3,3,3,3,(None),(None),(None),(None),0,0,0,1,1,1,1,1,1,0
,BOX1:02,SCIZOR,Scizor,Hardy,M,65535,Bug,,Swords Dance,Hidden Power,Agility,Baton Pass,Gold Berry,176,179,149,102,127,116,National Park,(None),None,SILVER,,ENG (English),FALSE,N/A,N/A,N/A,0,0,15,13,13,11,11,15,125000,50,65535,65535,65535,65535,65535,65535,0,0,0,0,0,0,0,N/A,-1,0,0,0,0,14,0,FALSE,FALSE,FALSE,FALSE,55330,0,0,30,15,30,40,0,0,0,0,(None),(None),(None),(None),0,0,0,1,1,1,1,1,1,0
,BOX1:03,MILTANK,Miltank,Hardy,F,65535,Dark,,Body Slam,Rollout,Defense Curl,Milk Drink,King's Rock,170,100,125,60,90,120,Route 38,(None),None,SILVER,,ENG (English),TRUE,N/A,N/A,N/A,0,0,15,15,15,15,15,15,156250,50,0,0,0,0,0,0,0,0,0,0,0,0,0,N/A,-1,1,0,0,0,13,0,FALSE,FALSE,TRUE,FALSE,55330,0,0,15,20,40,10,0,0,0,0,(None),(None),(None),(None),0,0,0,1,1,1,1,1,1,0
,BOX1:04,ABRA,Abra,Hardy,M,65535,Psychic,,Teleport,(None),(None),(None),(None),27,10,8,27,17,24,Route 34,(None),None,SILVER,,ENG (English),TRUE,N/A,N/A,N/A,0,0,10,7,4,6,6,7,560,10,0,0,0,0,0,0,0,0,0,0,0,0,0,N/A,-1,0,0,0,0,10,0,FALSE,FALSE,TRUE,FALSE,55330,0,0,20,0,0,0,0,0,0,0,(None),(None),(None),(None),0,0,0,1,1,1,1,1,1,0
,BOX1:05,GRANBULL,Granbull,Hardy,M,65535,Ground,,Curse,Shadow Ball,Return,Hidden Power,TwistedSpoon,188,168,126,78,78,96,Route 34,(None),None,SILVER,,ENG (English),TRUE,N/A,N/A,N/A,0,0,7,12,15,13,13,15,100000,50,65535,65535,65535,0,0,65535,0,0,0,0,0,0,0,N/A,-1,0,0,0,0,10,0,FALSE,FALSE,FALSE,FALSE,55330,0,0,10,15,20,15,0,0,0,0,(None),(None),(None),(None),0,0,0,1,1,1,1,1,1,0
,BOX1:06,DITTO,Ditto,Hardy,-,65535,Poison,,Transform,(None),(None),(None),(None),30,16,17,14,14,14,Route 34,(None),None,SILVER,,ENG (English),TRUE,N/A,N/A,N/A,0,0,2,8,14,0,0,1,1000,10,0,0,0,0,0,0,0,0,0,0,0,0,0,N/A,-1,2,0,0,0,10,0,FALSE,FALSE,TRUE,FALSE,55330,0,0,10,0,0,0,0,0,0,0,(None),(None),(None),(None),0,0,0,1,1,1,1,1,1,0
,BOX1:07,METAPOD,Metapod,Hardy,M,65535,Water,,Harden,(None),(None),(None),(None),24,9,13,9,9,10,Ilex Forest,(None),None,SILVER,,ENG (English),TRUE,N/A,N/A,N/A,0,0,4,14,5,8,8,6,343,7,0,0,0,0,0,0,0,0,0,0,0,0,0,N/A,-1,0,0,0,0,7,0,FALSE,FALSE,TRUE,FALSE,55330,0,0,30,0,0,0,0,0,0,0,(None),(None),(None),(None),0,0,0,1,1,1,1,1,1,0
,BOX1:08,KAKUNA,Kakuna,Hardy,F,65535,Ice,,Harden,(None),(None),(None),(None),25,9,13,9,9,11,Ilex Forest,(None),None,SILVER,,ENG (English),TRUE,N/A,N/A,N/A,0,0,15,7,13,5,5,13,343,7,0,0,0,0,0,0,0,0,0,0,0,0,0,N/A,-1,1,0,0,0,7,0,FALSE,FALSE,TRUE,FALSE,55330,0,0,30,0,0,0,0,0,0,0,(None),(None),(None),(None),0,0,0,1,1,1,1,1,1,0
,BOX1:09,UNOWN,Unown,Hardy,-,65535,Bug,,Hidden Power,(None),(None),(None),(None),21,12,11,12,10,9,Ruins of Alph,(None),None,SILVER,,ENG (English),TRUE,N/A,N/A,N/A,0,0,14,1,13,4,4,1,125,5,0,0,0,0,0,0,0,0,0,0,0,0,0,N/A,-1,2,3,0,0,5,0,FALSE,FALSE,TRUE,FALSE,55330,0,0,15,0,0,0,0,0,0,0,(None),(None),(None),(None),0,0,0,1,1,1,1,1,1,0
,BOX1:10,VULPIX,Vulpix,Hardy,M,65535,Ghost,,Ember,Tail Whip,(None),(None),Burnt Berry,19,10,9,10,11,12,(None),(None),None,SILVER,,ENG (English),TRUE,N/A,N/A,N/A,0,0,10,13,2,2,2,5,125,5,0,0,0,0,0,0,0,0,0,0,0,0,0,N/A,-1,0,0,0,0,5,0,FALSE,FALSE,TRUE,FALSE,55330,0,0,25,30,0,0,0,0,0,0,(None),(None),(None),(None),0,0,0,1,1,1,1,1,1,0
,BOX1:11,SANDSHREW,Sandshrew,Hardy,M,65535,Water,,Scratch,Defense Curl,(None),(None),(None),22,15,16,8,9,11,Union Cave,(None),None,SILVER,,ENG (English),TRUE,N/A,N/A,N/A,0,0,4,14,9,6,6,14,216,6,0,0,0,0,0,0,0,0,0,0,0,0,0,N/A,-1,0,0,0,0,6,0,FALSE,FALSE,TRUE,FALSE,55330,0,0,35,40,0,0,0,0,0,0,(None),(None),(None),(None),0,0,0,1,1,1,1,1,1,0
,BOX1:12,GYARADOS,Gyarados,Hardy,M,65535,Flying,,Rain Dance,Hidden Power,Thunder,Hydro Pump,Leftovers,193,173,128,111,151,132,Lake of Rage,(None),None,SILVER,,ENG (English),TRUE,N/A,N/A,N/A,0,0,7,12,13,15,15,15,156250,50,65535,65535,65535,65535,65535,65535,0,0,0,0,0,0,0,N/A,-1,0,0,1,0,40,0,FALSE,FALSE,TRUE,FALSE,55330,0,0,8,24,16,8,3,3,3,3,(None),(None),(None),(None),0,0,0,1,1,1,1,1,1,0
,BOX1:13,AMPHAROS,Ampharos,Hardy,M,65535,Dark,,Fire Punch,Cotton Spore,Thunderbolt,Thunder Wave,Berry Juice,174,105,104,144,119,85,(None),(None),None,SILVER,,ENG (English),TRUE,N/A,N/A,N/A,0,0,15,15,15,15,15,15,117360,50,5646,6319,5653,5894,5894,6405,0,0,0,0,0,0,0,N/A,-1,0,0,0,0,7,0,FALSE,FALSE,TRUE,FALSE,55330,0,0,24,61,24,32,3,3,3,3,(None),(None),(None),(None),0,0,0,1,1,1,1,1,1,0
,BOX1:14,SNORLAX,Snorlax,Hardy,M,65535,Dark,,Curse,Earthquake,Body Slam,Self-Destruct,Leftovers,266,161,116,116,161,50,(None),(None),None,RED,,ENG (English),TRUE,N/A,N/A,N/A,0,0,15,15,15,15,15,15,156250,50,65535,65535,65535,65535,65535,0,0,0,0,0,0,0,0,N/A,-1,0,0,0,0,0,0,FALSE,FALSE,TRUE,FALSE,57982,0,0,16,16,24,8,3,3,3,3,(None),(None),(None),(None),0,0,0,1,1,1,1,1,1,0
,BOX1:15,SENTRET,Sentret,Hardy,F,65535,Poison,,Tackle,Defense Curl,Quick Attack,Cut,(None),35,18,19,17,20,14,Route 43,(None),None,SILVER,,ENG (English),TRUE,N/A,N/A,N/A,0,0,1,0,14,5,5,12,3375,15,0,0,0,0,0,0,0,0,0,0,0,0,0,N/A,-1,1,0,0,0,15,0,FALSE,FALSE,FALSE,FALSE,55330,0,0,35,40,30,30,0,0,0,0,(None),(None),(None),(None),0,0,0,1,1,1,1,1,1,0
,BOX1:16,HO-OH,Ho-Oh,Hardy,-,65535,Dark,,Solar Beam,Recover,Sacred Fire,Sunny Day,Sacred Ash,415,358,278,318,406,278,Tin Tower,(None),None,SILVER,,ENG (English),TRUE,N/A,N/A,N/A,0,0,15,15,15,15,15,15,1250000,100,65535,65535,65535,65535,65535,65535,0,0,0,0,0,0,0,N/A,-1,2,0,0,0,60,0,FALSE,FALSE,FALSE,FALSE,55330,0,0,16,32,8,8,3,3,3,3,(None),(None),(None),(None),0,0,0,1,1,1,1,1,1,0
,BOX1:17,MANTINE,Mantine,Hardy,F,65535,Electric,,Tackle,Surf,Supersonic,Bubble Beam,(None),64,23,41,43,70,37,Route 41,(None),None,SILVER,,ENG (English),TRUE,N/A,N/A,N/A,0,0,7,2,11,7,7,3,13992,22,90,120,100,50,50,45,0,0,0,0,0,0,0,N/A,-1,1,0,0,0,22,0,FALSE,FALSE,TRUE,FALSE,55330,0,0,35,15,20,20,0,0,0,0,(None),(None),(None),(None),0,0,0,1,1,1,1,1,1,0
,BOX1:18,KOFFING,Koffing,Hardy,F,65535,Dark,,Poison Gas,Tackle,Smog,(None),(None),38,25,34,24,20,17,Burned Tower,(None),None,SILVER,,ENG (English),TRUE,N/A,N/A,N/A,0,0,12,7,11,10,10,10,2744,14,0,0,0,0,0,0,0,0,0,0,0,0,0,N/A,-1,1,0,0,0,14,0,FALSE,FALSE,TRUE,FALSE,55330,0,0,40,35,20,0,0,0,0,0,(None),(None),(None),(None),0,0,0,1,1,1,1,1,1,0
,BOX2:01,DRATINI,Dratini,Hardy,M,65535,Grass,,Wrap,Leer,Thunder Wave,(None),(None),28,19,16,15,15,15,Dragon's Den,(None),None,SILVER,,ENG (English),TRUE,N/A,N/A,N/A,0,0,0,10,10,4,4,2,1250,10,0,0,0,0,0,0,0,0,0,0,0,0,0,N/A,-1,0,0,0,0,10,0,FALSE,FALSE,TRUE,FALSE,55330,0,0,20,30,20,0,0,0,0,0,(None),(None),(None),(None),0,0,0,1,1,1,1,1,1,0
,BOX2:02,DELIBIRD,Delibird,Hardy,M,65535,Flying,,Present,(None),(None),(None),(None),52,33,26,38,30,42,Ice Path,(None),None,SILVER,,ENG (English),TRUE,N/A,N/A,N/A,0,0,7,12,5,15,15,15,7408,21,0,0,0,0,0,0,0,0,0,0,0,0,0,N/A,-1,0,0,0,0,21,0,FALSE,FALSE,TRUE,FALSE,55330,0,0,15,0,0,0,0,0,0,0,(None),(None),(None),(None),0,0,0,1,1,1,1,1,1,0
,BOX2:03,SUICUNE,Suicune,Hardy,-,65535,Ground,,Ice Beam,Surf,Rain Dance,Roar,Scope Lens,167,92,135,110,135,105,Tin Tower,(None),None,SILVER,,ENG (English),TRUE,N/A,N/A,N/A,0,0,7,12,15,15,15,15,156250,50,0,0,0,0,0,0,0,0,0,0,0,0,0,N/A,-1,2,0,0,0,40,0,FALSE,FALSE,TRUE,FALSE,55330,0,0,10,15,5,20,0,0,0,0,(None),(None),(None),(None),0,0,0,1,1,1,1,1,1,0
,BOX2:04,FURRET,Furret,Hardy,M,65535,Rock,,Scratch,Defense Curl,Quick Attack,(None),(None),53,31,27,20,23,34,Route 43,(None),None,SILVER,,ENG (English),TRUE,N/A,N/A,N/A,0,0,11,13,12,5,5,9,3375,15,0,0,0,0,0,0,0,0,0,0,0,0,0,N/A,-1,0,0,0,0,15,0,FALSE,FALSE,TRUE,FALSE,55330,0,0,35,40,30,0,0,0,0,0,(None),(None),(None),(None),0,0,0,1,1,1,1,1,1,0
,BOX2:05,MURKROW,Murkrow,Hardy,F,65535,Ground,,Peck,Pursuit,Haze,(None),(None),46,32,23,36,22,34,(None),(None),None,SILVER,,ENG (English),TRUE,N/A,N/A,N/A,0,0,5,0,15,13,13,0,2535,16,0,0,0,0,0,0,0,0,0,0,0,0,0,N/A,-1,1,0,0,0,16,0,FALSE,FALSE,TRUE,FALSE,55330,0,0,35,20,30,0,0,0,0,0,(None),(None),(None),(None),0,0,0,1,1,1,1,1,1,0
,BOX2:06,REMORAID,Remoraid,Hardy,F,65535,Dark,,Water Gun,Lock-On,(None),(None),(None),50,33,22,38,25,36,(None),(None),None,SILVER,,ENG (English),TRUE,N/A,N/A,N/A,0,0,12,3,7,14,14,10,9261,21,0,0,0,0,0,0,0,0,0,0,0,0,0,N/A,-1,1,0,0,0,21,0,FALSE,FALSE,TRUE,FALSE,55330,0,0,25,5,0,0,0,0,0,0,(None),(None),(None),(None),0,0,0,1,1,1,1,1,1,0
,BOX2:07,SHUCKIE,Shuckle,Hardy,M,65535,Fighting,,Constrict,Withdraw,Wrap,Encore,(None),31,10,77,11,77,7,Can't Tell,(None),None,MANIA,,,TRUE,N/A,N/A,N/A,0,0,3,8,12,13,13,3,2035,15,0,0,0,0,0,0,0,0,0,0,0,0,0,N/A,-1,0,0,0,0,0,0,FALSE,FALSE,TRUE,FALSE,518,0,0,35,40,20,5,0,0,0,0,(None),(None),(None),(None),0,0,0,1,1,1,1,1,1,0
,BOX2:08,LICKITUNG,Lickitung,Hardy,M,65535,Rock,,Lick,Supersonic,Defense Curl,Stomp,(None),76,34,39,38,44,20,Route 44,(None),None,SILVER,,ENG (English),TRUE,N/A,N/A,N/A,0,0,11,13,4,15,15,5,10648,22,0,0,0,0,0,0,0,0,0,0,0,0,0,N/A,-1,0,0,0,0,22,0,FALSE,FALSE,TRUE,FALSE,55330,0,0,30,20,40,20,0,0,0,0,(None),(None),(None),(None),0,0,0,1,1,1,1,1,1,0
,BOX2:09,MARILL,Marill,Hardy,F,65535,Bug,,Waterfall,Whirlpool,Tail Whip,Water Gun,(None),47,12,19,11,19,20,Mt. Mortar,(None),None,SILVER,,ENG (English),TRUE,N/A,N/A,N/A,0,0,13,5,1,3,3,14,2195,14,0,0,0,0,0,0,0,0,0,0,0,0,0,N/A,-1,1,0,0,0,14,0,FALSE,FALSE,TRUE,FALSE,55330,0,0,15,15,30,25,0,0,0,0,(None),(None),(None),(None),0,0,0,1,1,1,1,1,1,0
,BOX2:10,PERSIAN,Persian,Hardy,M,65535,Dark,,Slash,Screech,Fury Swipes,Bubble Beam,(None),146,96,77,90,90,142,(None),(None),None,RED,,ENG (English),TRUE,N/A,N/A,N/A,0,0,15,15,7,15,15,15,137507,51,915,1360,1049,1112,1112,1519,0,0,0,0,0,0,0,N/A,-1,0,0,0,0,0,0,FALSE,FALSE,TRUE,FALSE,57982,0,0,20,40,15,20,0,0,0,0,(None),(None),(None),(None),0,0,0,1,1,1,1,1,1,0
,BOX2:11,ZAPDOS,Zapdos,Hardy,-,65535,Steel,,Thunderbolt,Drill Peck,Thunder Wave,Reflect,BrightPowder,196,139,136,176,141,151,(None),(None),None,RED,,ENG (English),TRUE,N/A,N/A,N/A,0,0,15,13,15,15,15,15,156250,50,65535,65535,65535,65535,65535,65535,0,0,0,0,0,0,0,N/A,-1,2,0,0,0,0,0,FALSE,FALSE,TRUE,FALSE,57982,0,0,15,20,20,20,0,0,0,0,(None),(None),(None),(None),0,0,0,1,1,1,1,1,1,0
,BOX2:12,FORRETRESS,Forretress,Hardy,M,65535,Dark,,Spikes,Rapid Spin,Toxic,Giga Drain,Leftovers,181,141,191,111,111,91,Route 36,(None),None,GOLD,,ENG (English),TRUE,N/A,N/A,N/A,0,0,15,15,15,15,15,15,125000,50,65535,65535,65535,65535,65535,65535,0,0,0,0,0,0,0,N/A,-1,0,0,0,0,10,0,FALSE,FALSE,FALSE,FALSE,55982,0,0,32,61,16,8,3,3,3,3,(None),(None),(None),(None),0,0,0,1,1,1,1,1,1,0
,BOX2:13,ELECTABUZZ,Electabuzz,Hardy,M,65535,Dark,,Quick Attack,Fire Punch,Thunderbolt,Cross Chop,Smoke Ball,149,134,83,146,136,156,(None),(None),None,GOLD,,ENG (English),TRUE,N/A,N/A,N/A,0,0,15,15,11,15,15,15,126548,50,5892,65535,6440,65535,65535,65535,0,0,0,0,0,0,0,N/A,-1,0,0,0,0,16,0,FALSE,FALSE,FALSE,FALSE,55982,0,0,30,15,24,8,0,0,3,3,(None),(None),(None),(None),0,0,0,1,1,1,1,1,1,0
,BOX2:14,KRABBY,Krabby,Hardy,M,65535,Ice,,Whirlpool,Rock Smash,Strength,Cut,Amulet Coin,47,53,43,18,18,28,Route 40,(None),None,SILVER,,ENG (English),TRUE,N/A,N/A,N/A,0,0,13,15,5,7,7,8,8463,20,139,193,149,162,162,165,0,0,0,0,0,0,0,N/A,-1,0,0,0,0,20,0,FALSE,FALSE,TRUE,FALSE,55330,0,0,15,15,15,30,0,0,0,0,(None),(None),(None),(None),0,0,0,1,1,1,1,1,1,0
,BOX2:15,HITMONLEE,Hitmonlee,Hardy,M,65535,Psychic,,Mega Kick,Meditate,High Jump Kick,Foresight,(None),152,171,78,60,135,138,(None),(None),None,RED,,ENG (English),TRUE,N/A,N/A,N/A,0,0,11,15,12,13,13,15,125507,50,65535,65535,4125,3051,3051,65535,0,0,0,0,0,0,0,N/A,-1,0,0,0,0,0,0,FALSE,FALSE,TRUE,FALSE,57982,0,0,8,40,32,40,3,0,3,0,(None),(None),(None),(None),0,0,0,1,1,1,1,1,1,0
,BOX2:16,ALAKAZAM,Alakazam,Hardy,M,65535,Rock,,Fire Punch,Ice Punch,Psychic,Recover,Lucky Egg,135,70,71,186,136,171,(None),(None),None,SILVER,,ENG (English),TRUE,N/A,N/A,N/A,0,0,11,5,12,15,15,15,117577,50,5518,7033,6039,65535,65535,65535,0,0,0,0,0,0,0,N/A,-1,0,0,0,0,0,0,FALSE,FALSE,TRUE,FALSE,55330,0,0,15,15,10,20,0,0,0,0,(None),(None),(None),(None),0,0,0,1,1,1,1,1,1,0
,BOX2:17,DRAGONAIR,Dragonair,Hardy,M,65535,Dark,,Return,Thunder Wave,Outrage,Extreme Speed,Berserk Gene,167,135,116,115,115,121,Dragon's Den,(None),None,ETHAN,,ENG (English),TRUE,N/A,N/A,N/A,0,0,15,15,15,15,15,15,156250,50,65535,65535,65535,40530,40530,65535,0,0,0,0,0,0,0,N/A,-1,0,0,0,0,15,0,FALSE,FALSE,FALSE,FALSE,57280,0,0,20,20,24,8,0,0,3,3,(None),(None),(None),(None),0,0,0,1,1,1,1,1,1,0
,BOX3:01,RAIKOU,Raikou,Hardy,-,65535,Ice,,Hidden Power,Thunder,Roar,Rain Dance,MiracleBerry,196,136,124,166,151,166,Route 36,(None),None,SILVER,,ENG (English),TRUE,N/A,N/A,N/A,0,0,15,15,13,15,15,15,156250,50,65535,65535,65535,65535,65535,65535,0,0,0,0,0,0,0,N/A,-1,2,0,0,0,40,0,FALSE,FALSE,FALSE,FALSE,55330,0,0,15,10,20,5,0,0,0,0,(None),(None),(None),(None),0,0,0,1,1,1,1,1,1,0
,BOX3:02,ENTEI,Entei,Hardy,-,65535,Dark,,Sunny Day,Fire Blast,Return,Solar Beam,Poison Barb,221,166,136,141,126,151,Route 37,(None),None,SILVER,,ENG (English),TRUE,N/A,N/A,N/A,0,0,15,15,15,15,15,15,156250,50,65535,65535,65535,65535,65535,65535,0,0,0,0,0,0,0,N/A,-1,2,0,0,0,40,0,FALSE,FALSE,FALSE,FALSE,55330,0,0,8,8,32,16,3,3,3,3,(None),(None),(None),(None),0,0,0,1,1,1,1,1,1,0
,BOX3:03,WOOPER,Wooper,Hardy,M,65535,Ghost,,Water Gun,Tail Whip,Slam,(None),(None),46,23,23,14,14,9,Union Cave,(None),None,SILVER,,ENG (English),TRUE,N/A,N/A,N/A,0,0,8,13,14,6,6,0,4096,16,0,0,0,0,0,0,0,0,0,0,0,0,0,N/A,-1,0,0,0,0,16,0,FALSE,FALSE,FALSE,FALSE,55330,0,0,25,30,20,0,0,0,0,0,(None),(None),(None),(None),0,0,0,1,1,1,1,1,1,0
,BOX3:04,SUDOWOODO,Sudowoodo,Hardy,F,65535,Electric,,Rock Throw,Mimic,Flail,Low Kick,(None),60,47,55,19,33,18,Route 36,(None),None,SILVER,,ENG (English),TRUE,N/A,N/A,N/A,0,0,7,6,11,5,5,3,8000,20,0,0,0,0,0,0,0,0,0,0,0,0,0,N/A,-1,1,0,0,0,20,0,FALSE,FALSE,TRUE,FALSE,55330,0,0,15,10,15,20,0,0,0,0,(None),(None),(None),(None),0,0,0,1,1,1,1,1,1,0
,BOX3:05,STANTLER,Stantler,Hardy,M,65535,Grass,,Tackle,Leer,(None),(None),(None),44,35,25,32,27,32,Route 37,(None),None,SILVER,,ENG (English),TRUE,N/A,N/A,N/A,0,0,0,14,10,14,14,12,3430,14,0,0,0,0,0,0,0,0,0,0,0,0,0,N/A,-1,0,0,0,0,14,0,FALSE,FALSE,TRUE,FALSE,55330,0,0,35,30,0,0,0,0,0,0,(None),(None),(None),(None),0,0,0,1,1,1,1,1,1,0
,BOX3:06,SEEL,Seel,Hardy,M,65535,Steel,,Headbutt,Growl,Aurora Beam,Rest,(None),68,31,35,27,39,28,Whirl Islands,(None),None,SILVER,,ENG (English),TRUE,N/A,N/A,N/A,0,0,12,13,11,4,4,6,12167,23,0,0,0,0,0,0,0,0,0,0,0,0,0,N/A,-1,0,0,0,0,23,0,FALSE,FALSE,TRUE,FALSE,55330,0,0,15,40,20,10,0,0,0,0,(None),(None),(None),(None),0,0,0,1,1,1,1,1,1,0
,BOX3:07,ARCANINE,Arcanine,Hardy,M,65535,Ice,,Sunny Day,Extreme Speed,Fire Blast,Crunch,(None),196,161,129,151,131,146,Route 35,(None),None,SILVER,,ENG (English),FALSE,N/A,N/A,N/A,0,0,15,15,13,15,15,15,157725,50,65535,65535,65535,65535,65535,65535,0,0,0,0,0,0,0,N/A,-1,0,0,0,0,13,0,FALSE,FALSE,TRUE,FALSE,55330,0,0,5,8,5,15,0,3,0,0,(None),(None),(None),(None),0,0,0,1,1,1,1,1,1,0
,BOX3:08,URSARING,Ursaring,Hardy,M,65535,Dark,,Earthquake,Rest,Slash,Sleep Talk,(None),196,181,126,126,126,106,Silver Cave,(None),None,SILVER,,ENG (English),TRUE,N/A,N/A,N/A,0,0,15,15,15,15,15,15,125000,50,65535,65535,65535,65535,65535,65535,0,0,0,0,0,0,0,N/A,-1,0,0,0,0,50,0,FALSE,FALSE,TRUE,FALSE,55330,0,0,10,10,20,10,0,0,0,0,(None),(None),(None),(None),0,0,0,1,1,1,1,1,1,0
,BOX3:09,STEELIX,Steelix,Hardy,M,65535,Dark,,Earthquake,Iron Tail,Rest,Curse,Metal Coat,181,136,251,106,116,81,(None),(None),None,SILVER,,ENG (English),TRUE,N/A,N/A,N/A,0,0,15,15,15,15,15,15,125000,50,65535,65535,65535,65535,65535,65535,0,0,0,0,0,0,0,N/A,-1,0,0,0,0,0,0,FALSE,FALSE,FALSE,FALSE,55330,0,0,16,24,16,16,3,3,3,3,(None),(None),(None),(None),0,0,0,1,1,1,1,1,1,0
,BOX3:10,MAGMAR,Magmar,Hardy,M,65535,Dragon,,Thunder Punch,Sunny Day,Fire Blast,Confuse Ray,Silver Leaf,153,133,89,151,136,144,(None),(None),None,SILVER,,ENG (English),TRUE,N/A,N/A,N/A,0,0,11,11,10,15,15,15,125000,50,20148,31177,20391,65535,65535,65535,0,0,0,0,0,0,0,N/A,-1,0,0,0,0,0,0,FALSE,FALSE,TRUE,FALSE,55330,0,0,15,5,5,10,0,0,0,0,(None),(None),(None),(None),0,0,0,1,1,1,1,1,1,0
,BOX3:11,CORSOLA,Corsola,Hardy,F,65535,Dark,,Recover,Surf,Rain Dance,Mirror Coat,Quick Claw,161,94,136,116,136,83,(None),(None),None,SILVER,,ENG (English),TRUE,N/A,N/A,N/A,0,0,15,11,15,15,15,15,100000,50,64544,35857,65535,65535,65535,52313,0,0,0,0,0,0,0,N/A,-1,1,0,0,0,40,0,FALSE,FALSE,TRUE,FALSE,55330,0,0,10,15,5,20,0,0,0,0,(None),(None),(None),(None),0,0,0,1,1,1,1,1,1,0
,BOX3:12,OMASTAR,Omastar,Hardy,M,65535,Electric,,Ice Beam,Protect,Hydro Pump,Hidden Power,(None),168,85,176,166,121,105,(None),(None),None,SILVER,,ENG (English),TRUE,N/A,N/A,N/A,0,0,7,6,15,15,15,15,125000,50,65535,12943,65535,65535,65535,58902,0,0,0,0,0,0,0,N/A,-1,0,0,0,0,0,0,FALSE,FALSE,TRUE,FALSE,55330,0,0,10,10,5,15,0,0,0,0,(None),(None),(None),(None),0,0,0,1,1,1,1,1,1,0
,BOX3:13,BLISSEY,Blissey,Hardy,F,65535,Steel,,Heal Bell,Seismic Toss,Soft-Boiled,Toxic,(None),396,21,67,138,204,114,(None),(None),None,SILVER,,ENG (English),TRUE,N/A,N/A,N/A,0,0,15,5,15,15,15,13,133100,55,65535,0,65535,65535,65535,65535,0,0,0,0,0,0,0,N/A,-1,1,0,0,0,0,0,FALSE,FALSE,TRUE,FALSE,55330,0,0,5,20,10,10,0,0,0,0,(None),(None),(None),(None),0,0,0,1,1,1,1,1,1,0
,BOX3:14,HERACROSS,Heracross,Hardy,M,65535,Bug,,Endure,Reversal,Megahorn,Earthquake,(None),200,188,134,67,126,147,Azalea Town,(None),None,SILVER,,ENG (English),TRUE,N/A,N/A,N/A,0,0,15,13,13,15,15,15,196830,54,65535,65535,65535,365,365,65535,0,0,0,0,0,0,0,N/A,-1,0,0,0,0,10,0,FALSE,FALSE,TRUE,FALSE,55330,0,0,10,15,16,10,0,0,3,0,(None),(None),(None),(None),0,0,0,1,1,1,1,1,1,0
,BOX3:15,MEGANIUM,Meganium,Hardy,M,65535,Dark,,Synthesis,Earthquake,Razor Leaf,Reflect,Miracle Seed,184,133,151,134,151,109,New Bark Town,(None),None,SILVER,,ENG (English),TRUE,N/A,N/A,N/A,0,0,13,15,15,15,15,12,125000,50,65535,65535,65535,65535,65535,9210,0,0,0,0,0,0,0,N/A,-1,0,0,0,0,5,0,FALSE,FALSE,TRUE,FALSE,55330,0,0,8,16,40,32,3,3,3,3,(None),(None),(None),(None),0,0,0,1,1,1,1,1,1,0
,BOX3:16,TYPHLOSION,Typhlosion,Hardy,M,65535,Dark,,Sunny Day,Thunder Punch,Smokescreen,Flamethrower,Leftovers,166,110,112,143,119,134,New Bark Town,(None),None,SILVER,,ENG (English),TRUE,N/A,N/A,N/A,0,0,15,7,15,15,15,15,125000,50,11971,13175,12756,13170,13170,13080,0,0,0,0,0,0,0,N/A,-1,0,0,0,0,5,0,FALSE,FALSE,FALSE,FALSE,55330,0,0,8,24,32,24,3,3,3,3,(None),(None),(None),(None),0,0,0,1,1,1,1,1,1,0
,BOX3:17,MACHAMP,Machamp,Hardy,M,65535,Dark,,Cross Chop,Curse,Rock Slide,Earthquake,Focus Band,196,181,131,116,136,106,(None),(None),None,SILVER,,ENG (English),TRUE,N/A,N/A,N/A,0,0,15,15,15,15,15,15,117360,50,65535,65535,65535,65535,65535,65535,0,0,0,0,0,0,0,N/A,-1,0,0,0,0,0,0,FALSE,FALSE,FALSE,FALSE,55330,0,0,8,16,16,16,3,3,3,3,(None),(None),(None),(None),0,0,0,1,1,1,1,1,1,0
,BOX3:18,TOGEPI,Togepi,Hardy,M,65535,Psychic,,Growl,Charm,(None),(None),(None),19,7,12,9,12,7,Goldenrod City,(None),None,SILVER,,ENG (English),TRUE,N/A,N/A,N/A,0,0,11,3,12,5,5,1,100,5,0,0,0,0,0,0,0,0,0,0,0,0,0,N/A,-1,0,0,0,0,1,0,FALSE,FALSE,TRUE,FALSE,55330,0,0,40,20,0,0,0,0,0,0,(None),(None),(None),(None),0,0,0,1,1,1,1,1,1,0
,BOX3:19,ODDISH,Oddish,Hardy,M,65535,Flying,,Absorb,Cut,(None),(None),(None),19,10,11,13,12,9,Ilex Forest,(None),None,SILVER,,ENG (English),TRUE,N/A,N/A,N/A,0,0,4,8,5,10,10,12,135,5,0,0,0,0,0,0,0,0,0,0,0,0,0,N/A,-1,0,0,0,0,5,0,FALSE,FALSE,TRUE,FALSE,55330,0,0,20,30,0,0,0,0,0,0,(None),(None),(None),(None),0,0,0,1,1,1,1,1,1,0
,BOX4:01,TAUROS,Tauros,Hardy,M,65535,Dark,,Double-Edge,Tail Whip,Earthquake,Hyper Beam,Pink Bow,180,151,146,77,107,161,(None),(None),None,RED,,ENG (English),TRUE,N/A,N/A,N/A,0,0,14,15,15,10,10,15,156784,50,65535,65535,65535,31046,31046,65535,0,0,0,0,0,0,0,N/A,-1,0,0,0,0,0,0,FALSE,FALSE,TRUE,FALSE,57982,0,0,24,30,16,5,3,0,3,0,(None),(None),(None),(None),0,0,0,1,1,1,1,1,1,0
,BOX4:02,POLIWRATH,Poliwrath,Hardy,M,65535,Dragon,,Hypnosis,Surf,Submission,Ice Beam,Black Belt,189,136,141,116,136,116,(None),(None),None,SILVER,,ENG (English),TRUE,N/A,N/A,N/A,0,0,8,15,10,10,10,10,117360,50,65535,65535,65535,65535,65535,65535,0,0,0,0,0,0,0,N/A,-1,0,0,0,0,50,0,FALSE,FALSE,TRUE,TRUE,55330,0,0,32,24,40,16,3,3,3,3,(None),(None),(None),(None),0,0,0,1,1,1,1,1,1,0
,BOX4:03,VAPOREON,Vaporeon,Hardy,M,65535,Steel,,Ice Beam,Haze,Toxic,Surf,Mystic Water,236,106,111,161,146,116,(None),(None),None,SILVER,,ENG (English),TRUE,N/A,N/A,N/A,0,0,15,5,15,15,15,15,130000,50,65535,65535,65535,65535,65535,65535,0,0,0,0,0,0,0,N/A,-1,0,0,0,0,50,0,FALSE,FALSE,TRUE,FALSE,55330,0,0,16,48,16,24,3,3,3,3,(None),(None),(None),(None),0,0,0,1,1,1,1,1,1,0
,BOX4:04,PINSIR,Pinsir,Hardy,M,65535,Poison,,Vise Grip,Focus Energy,Bind,(None),(None),42,43,34,21,25,29,National Park,(None),None,SILVER,,ENG (English),TRUE,N/A,N/A,N/A,0,0,1,12,6,3,3,4,3430,14,0,0,0,0,0,0,0,0,0,0,0,0,0,N/A,-1,0,0,0,0,14,0,FALSE,FALSE,TRUE,FALSE,55330,0,0,30,30,20,0,0,0,0,0,(None),(None),(None),(None),0,0,0,1,1,1,1,1,1,0
,BOX4:05,YANMA,Yanma,Hardy,M,65535,Water,,Tackle,Foresight,Quick Attack,(None),(None),39,23,16,24,17,30,Route 35,(None),None,SILVER,,ENG (English),TRUE,N/A,N/A,N/A,0,0,7,14,1,7,7,13,1728,12,0,0,0,0,0,0,0,0,0,0,0,0,0,N/A,-1,0,0,0,0,12,0,FALSE,FALSE,TRUE,FALSE,55330,0,0,35,40,30,0,0,0,0,0,(None),(None),(None),(None),0,0,0,1,1,1,1,1,1,0
,BOX4:06,MAGNEMITE,Magnemite,Hardy,-,65535,Ghost,,Tackle,Thunder Shock,Supersonic,Sonic Boom,(None),37,16,29,38,26,19,Route 38,(None),None,SILVER,,ENG (English),TRUE,N/A,N/A,N/A,0,0,11,1,6,11,11,1,4096,16,0,0,0,0,0,0,0,0,0,0,0,0,0,N/A,-1,2,0,0,0,16,0,FALSE,FALSE,TRUE,FALSE,55330,0,0,35,30,20,20,0,0,0,0,(None),(None),(None),(None),0,0,0,1,1,1,1,1,1,0
,BOX4:07,VENONAT,Venonat,Hardy,F,65535,Bug,,Tackle,Disable,Foresight,(None),(None),22,10,11,10,11,10,Ilex Forest,(None),None,SILVER,,ENG (English),TRUE,N/A,N/A,N/A,0,0,15,1,13,11,11,9,125,5,0,0,0,0,0,0,0,0,0,0,0,0,0,N/A,-1,1,0,0,0,5,0,FALSE,FALSE,TRUE,FALSE,55330,0,0,35,20,40,0,0,0,0,0,(None),(None),(None),(None),0,0,0,1,1,1,1,1,1,0
,BOX4:08,PSYDUCK,Psyduck,Hardy,F,65535,Grass,,Scratch,Tail Whip,(None),(None),(None),24,13,12,15,13,12,Ilex Forest,(None),None,SILVER,,ENG (English),TRUE,N/A,N/A,N/A,0,0,3,6,6,11,11,1,343,7,0,0,0,0,0,0,0,0,0,0,0,0,0,N/A,-1,1,0,0,0,7,0,FALSE,FALSE,TRUE,FALSE,55330,0,0,35,30,0,0,0,0,0,0,(None),(None),(None),(None),0,0,0,1,1,1,1,1,1,0
,BOX4:09,GLIGAR,Gligar,Hardy,M,65535,Water,,Poison Sting,Sand Attack,Harden,Quick Attack,(None),67,45,59,24,39,46,Route 45,(None),None,SILVER,,ENG (English),TRUE,N/A,N/A,N/A,0,0,4,10,9,6,6,2,10208,24,0,0,0,0,0,0,0,0,0,0,0,0,0,N/A,-1,0,0,0,0,24,0,FALSE,FALSE,TRUE,FALSE,55330,0,0,35,15,30,30,0,0,0,0,(None),(None),(None),(None),0,0,0,1,1,1,1,1,1,0
,BOX4:10,STARMIE,Starmie,Hardy,-,65535,Ground,,Psychic,Rapid Spin,Recover,Surf,Mystic Water,141,94,120,133,118,150,Route 34,(None),None,SILVER,,ENG (English),TRUE,N/A,N/A,N/A,0,0,7,0,15,15,15,15,160000,50,13726,13821,15513,12234,12234,14836,0,0,0,0,0,0,0,N/A,-1,2,0,0,0,20,0,FALSE,FALSE,TRUE,FALSE,55330,0,0,16,40,10,24,3,0,0,3,(None),(None),(None),(None),0,0,0,1,1,1,1,1,1,0
,BOX4:11,AERODACTYL,Aerodactyl,Hardy,M,65535,Rock,,Hidden Power,Wing Attack,Earthquake,Hyper Beam,Hard Stone,182,154,113,111,126,181,(None),(None),None,SILVER,,ENG (English),TRUE,N/A,N/A,N/A,0,0,11,13,12,15,15,15,156250,50,65535,65535,65535,65535,65535,65535,0,0,0,0,0,0,0,N/A,-1,0,0,0,0,5,0,FALSE,FALSE,FALSE,FALSE,55330,0,0,24,56,16,8,3,3,3,3,(None),(None),(None),(None),0,0,0,1,1,1,1,1,1,0
,BOX4:12,RHYDON,Rhydon,Hardy,M,65535,Dark,,Tail Whip,Roar,Earthquake,Rock Slide,(None),211,181,171,96,96,91,(None),(None),None,GOLD,,ENG (English),TRUE,N/A,N/A,N/A,0,0,15,15,15,15,15,15,156941,50,65535,65535,65535,65535,65535,65535,0,0,0,0,0,0,0,N/A,-1,0,0,0,0,0,0,FALSE,FALSE,TRUE,FALSE,55982,0,0,30,20,16,16,0,0,3,3,(None),(None),(None),(None),0,0,0,1,1,1,1,1,1,0
,BOX4:13,CHARIZARD,Charizard,Hardy,M,65535,Dark,,Wing Attack,Swords Dance,Fire Blast,Earthquake,Berserk Gene,184,135,129,160,136,151,(None),(None),None,RED,,ENG (English),TRUE,N/A,N/A,N/A,0,0,15,15,15,15,15,15,118245,50,65535,65535,65535,65535,65535,65535,0,0,0,0,0,0,0,N/A,-1,0,0,0,0,0,0,FALSE,FALSE,TRUE,FALSE,57982,0,0,35,48,5,10,0,3,0,0,(None),(None),(None),(None),0,0,0,1,1,1,1,1,1,0
,BOX4:14,JYNX,Jynx,Hardy,F,65535,Dark,,Psychic,Lovely Kiss,Ice Beam,Mean Look,(None),171,79,86,166,146,146,Ice Path,(None),None,SILVER,,ENG (English),TRUE,N/A,N/A,N/A,0,0,15,15,15,15,15,15,126447,50,65535,5431,65535,65535,65535,65535,0,0,0,0,0,0,0,N/A,-1,1,0,0,0,24,0,FALSE,FALSE,TRUE,FALSE,55330,0,0,16,16,16,8,3,3,3,3,(None),(None),(None),(None),0,0,0,1,1,1,1,1,1,0
,BOX4:15,NIDOKING,Nidoking,Hardy,M,65535,Dark,,Fire Blast,Earthquake,Thunder,Ice Beam,(None),187,143,128,136,126,136,(None),(None),None,RED,,ENG (English),TRUE,N/A,N/A,N/A,0,0,15,15,15,15,15,15,120500,50,65535,65535,65535,65535,65535,65535,0,0,0,0,0,0,0,N/A,-1,0,0,0,0,0,0,FALSE,FALSE,TRUE,FALSE,57982,0,0,5,10,10,10,0,0,0,0,(None),(None),(None),(None),0,0,0,1,1,1,1,1,1,0
,BOX4:16,PIKACHU,Pikachu,Hardy,M,65535,Fire,,Thunderbolt,Agility,Hidden Power,Surf,Light Ball,129,86,78,101,91,141,Route 2,(None),None,SILVER,,ENG (English),TRUE,N/A,N/A,N/A,0,0,3,14,12,15,15,15,126828,50,65535,9637,65535,65535,65535,65535,0,0,0,0,0,0,0,N/A,-1,0,0,0,0,4,0,FALSE,FALSE,TRUE,FALSE,55330,0,0,24,30,15,24,3,0,0,3,(None),(None),(None),(None),0,0,0,1,1,1,1,1,1,0
,BOX4:17,TYRANITAR,Tyranitar,Hardy,M,65535,Dark,,Earthquake,Crunch,Curse,Rock Slide,Leftovers,226,203,177,160,166,123,(None),(None),None,SILVER,,ENG (English),TRUE,N/A,N/A,N/A,0,0,15,15,15,15,15,15,207968,55,65535,65535,65535,65535,65535,65535,0,0,0,0,0,0,0,N/A,-1,0,0,0,0,25,0,FALSE,FALSE,TRUE,FALSE,55330,0,0,16,24,10,16,3,3,0,3,(None),(None),(None),(None),0,0,0,1,1,1,1,1,1,0
,BOX4:18,SMEARGLE,Smeargle,Hardy,M,65535,Dark,,Spore,Belly Drum,Recover,Baton Pass,Leftovers,161,71,86,71,96,126,(None),(None),None,SILVER,,ENG (English),TRUE,N/A,N/A,N/A,0,0,15,15,15,15,15,15,100000,50,65535,65535,65535,65535,65535,65535,0,0,0,0,0,0,0,N/A,-1,0,0,0,0,0,0,FALSE,FALSE,FALSE,FALSE,55330,0,0,24,16,32,61,3,3,3,3,(None),(None),(None),(None),0,0,0,1,1,1,1,1,1,0
,BOX4:19,MOLTRES,Moltres,Hardy,-,65535,Dark,,Rest,Sleep Talk,Fire Blast,Sunny Day,Charcoal,196,151,141,176,136,141,(None),(None),None,SILVER,,ENG (English),TRUE,N/A,N/A,N/A,0,0,15,15,15,15,15,15,156250,50,65535,65535,65535,65535,65535,65535,0,0,0,0,0,0,0,N/A,-1,2,0,0,0,0,0,FALSE,FALSE,FALSE,FALSE,55330,0,0,16,16,8,8,3,3,3,3,(None),(None),(None),(None),0,0,0,1,1,1,1,1,1,0
,BOX4:20,FARFETCH'D,Farfetch’d,Hardy,F,65535,Ice,,Baton Pass,Agility,Swords Dance,Slash,Gold Berry,21,12,11,12,12,11,Event,(None),None,Stadium,,,TRUE,N/A,N/A,N/A,0,0,13,7,9,15,15,2,125,5,0,0,0,0,0,0,0,0,0,0,0,0,0,N/A,-1,1,0,0,0,5,0,FALSE,FALSE,FALSE,FALSE,2000,0,0,40,30,30,20,0,0,0,0,(None),(None),(None),(None),0,0,0,1,1,1,1,1,1,0
,BOX5:01,SNEASEL,Sneasel,Hardy,M,65535,Dark,,Scratch,Leer,Quick Attack,Screech,(None),61,53,32,26,44,58,Ice Path,(None),None,SILVER,,ENG (English),TRUE,N/A,N/A,N/A,0,0,12,15,7,14,14,6,7577,22,0,0,0,0,0,0,0,0,0,0,0,0,0,N/A,-1,0,0,0,0,22,0,FALSE,FALSE,TRUE,FALSE,55330,0,0,35,30,30,40,0,0,0,0,(None),(None),(None),(None),0,0,0,1,1,1,1,1,1,0
,BOX5:02,TANGELA,Tangela,Hardy,M,65535,Steel,,Growth,Sleep Powder,Giga Drain,Toxic,(None),171,96,166,151,91,100,(None),(None),None,SILVER,,ENG (English),TRUE,N/A,N/A,N/A,0,0,15,13,15,15,15,15,125000,50,65535,34900,65535,65535,65535,26185,0,0,0,0,0,0,0,N/A,-1,0,0,0,0,0,0,FALSE,FALSE,TRUE,FALSE,55330,0,0,40,15,5,10,0,0,0,0,(None),(None),(None),(None),0,0,0,1,1,1,1,1,1,0
,BOX5:03,TENTACRUEL,Tentacruel,Hardy,M,65535,Dark,,Swords Dance,Sludge Bomb,Hydro Pump,Substitute,Quick Claw,186,121,116,131,171,151,(None),(None),None,BRUCE,,ENG (English),TRUE,N/A,N/A,N/A,0,0,15,15,15,15,15,15,156250,50,65535,65535,65535,65535,65535,65535,0,0,0,0,0,0,0,N/A,-1,0,0,0,0,0,0,FALSE,FALSE,FALSE,FALSE,55987,0,0,48,16,8,16,3,3,3,3,(None),(None),(None),(None),0,0,0,1,1,1,1,1,1,0
,BOX5:04,SEAKING,Seaking,Hardy,M,65535,Dark,,Horn Drill,Rest,Sleep Talk,Waterfall,Metal Powder,186,143,116,111,126,119,(None),(None),None,SILVER,,ENG (English),TRUE,N/A,N/A,N/A,0,0,15,15,15,15,15,15,125000,50,65535,65535,65535,44487,44487,65535,0,0,0,0,0,0,0,N/A,-1,0,0,0,0,0,0,FALSE,FALSE,FALSE,FALSE,55330,0,0,8,16,16,24,3,3,3,3,(None),(None),(None),(None),0,0,0,1,1,1,1,1,1,0
,BOX5:05,MEWTWO,Mewtwo,Hardy,-,65535,Dark,,Self-Destruct,Recover,Psychic,Thunderbolt,Berserk Gene,415,318,278,406,278,358,(None),(None),None,ASH,,ENG (English),TRUE,N/A,N/A,N/A,0,0,15,15,15,15,15,15,1250000,100,65535,65535,65535,65535,65535,65535,0,0,0,0,0,0,0,N/A,-1,2,0,9,0,0,0,FALSE,FALSE,FALSE,FALSE,57895,0,0,8,32,16,24,3,3,3,3,(None),(None),(None),(None),0,0,0,1,1,1,1,1,1,0
,BOX5:06,MAGGIE,Magneton,Hardy,-,65535,Fire,,Thunderbolt,Lock-On,Hidden Power,Zap Cannon,(None),144,84,143,171,121,121,(None),(None),None,FOREST,,,TRUE,N/A,N/A,N/A,0,0,3,10,12,15,15,15,131718,50,65535,5379,65535,65535,65535,65535,0,0,0,0,0,0,0,N/A,-1,2,0,0,0,0,0,FALSE,FALSE,TRUE,FALSE,50082,0,0,24,5,15,8,3,0,0,3,(None),(None),(None),(None),0,0,0,1,1,1,1,1,1,0
,BOX5:07,HOUNDOOM,Houndoom,Hardy,M,65535,Bug,,Pursuit,Fire Blast,Solar Beam,Sunny Day,Miracle Seed,181,116,91,161,131,146,(None),(None),None,SILVER,,ENG (English),TRUE,N/A,N/A,N/A,0,0,15,13,13,15,15,15,165170,50,65535,4373,33682,65535,65535,65535,0,0,0,0,0,0,0,N/A,-1,0,0,0,0,0,0,FALSE,FALSE,TRUE,FALSE,55330,0,0,20,5,16,8,0,0,3,3,(None),(None),(None),(None),0,0,0,1,1,1,1,1,1,0
,BOX5:08,KINGDRA,Kingdra,Hardy,F,65535,Grass,,Ice Beam,Hydro Pump,Agility,Hidden Power,(None),169,128,145,146,146,136,Whirl Islands,(None),None,SILVER,,ENG (English),TRUE,N/A,N/A,N/A,0,0,3,6,14,15,15,15,125966,50,65535,31003,65535,65535,65535,65535,0,0,0,0,0,0,0,N/A,-1,1,0,0,0,22,0,FALSE,FALSE,TRUE,FALSE,55330,0,0,16,6,30,24,3,1,0,3,(None),(None),(None),(None),0,0,0,1,1,1,1,1,1,0
,BOX5:09,GENGAR,Gengar,Hardy,M,65535,Psychic,,Hypnosis,Thunderbolt,Explosion,Shadow Ball,Poison Barb,162,116,108,181,126,161,(None),(None),None,SILVER,,ENG (English),TRUE,N/A,N/A,N/A,0,0,11,15,12,15,15,15,117544,50,65535,65535,65535,65535,65535,65535,0,0,0,0,0,0,0,N/A,-1,0,0,0,0,0,0,FALSE,FALSE,TRUE,FALSE,55330,0,0,32,24,8,24,3,3,3,3,(None),(None),(None),(None),0,0,0,1,1,1,1,1,1,0
,BOX5:10,PILOSWINE,Piloswine,Hardy,M,65535,Dark,,Earthquake,Ice Beam,Curse,Return,(None),204,151,131,111,111,75,Ice Path,(None),None,SILVER,,ENG (English),TRUE,N/A,N/A,N/A,0,0,13,15,15,15,15,10,157355,50,65535,65535,65535,65535,65535,6307,0,0,0,0,0,0,0,N/A,-1,0,0,0,0,22,0,FALSE,FALSE,TRUE,FALSE,55330,0,0,10,10,10,20,0,0,0,0,(None),(None),(None),(None),0,0,0,1,1,1,1,1,1,0
,BOX5:11,SKARMORY,Skarmory,Hardy,M,65535,Dark,,Drill Peck,Whirlwind,Rest,Toxic,Brick Piece,171,131,191,89,119,121,(None),(None),None,GOLD,,ENG (English),TRUE,N/A,N/A,N/A,0,0,15,15,15,15,15,15,156250,50,65535,65535,65535,55087,55087,65535,0,0,0,0,0,0,0,N/A,-1,0,0,0,0,0,0,FALSE,FALSE,TRUE,FALSE,55982,0,0,20,20,10,10,0,0,0,0,(None),(None),(None),(None),0,0,0,1,1,1,1,1,1,0
,BOX5:12,SLOWBRO,Slowbro,Hardy,M,65535,Dark,,Fire Blast,Surf,Psychic,Amnesia,Leftovers,201,124,161,151,131,79,Slowpoke Well,(None),None,SILVER,,ENG (English),TRUE,N/A,N/A,N/A,0,0,15,15,15,15,15,15,125948,50,65535,56552,65535,65535,65535,57087,0,0,0,0,0,0,0,N/A,-1,0,0,0,0,6,0,FALSE,FALSE,TRUE,FALSE,55330,0,0,8,24,16,32,3,3,3,3,(None),(None),(None),(None),0,0,0,1,1,1,1,1,1,0
,BOX5:13,DONPHAN,Donphan,Hardy,M,65535,Dark,,Earthquake,Rapid Spin,Defense Curl,Rollout,Soft Sand,196,171,171,111,111,101,Route 45,(None),None,SILVER,,ENG (English),TRUE,N/A,N/A,N/A,0,0,15,15,15,15,15,15,125000,50,65535,65535,65535,65535,65535,65535,0,0,0,0,0,0,0,N/A,-1,0,0,0,0,25,0,FALSE,FALSE,TRUE,FALSE,55330,0,0,10,40,40,20,0,0,0,0,(None),(None),(None),(None),0,0,0,1,1,1,1,1,1,0
,BOX5:14,JUMPLUFF,Jumpluff,Hardy,M,65535,Fire,,Leech Seed,Synthesis,Sleep Powder,Giga Drain,Miracle Seed,141,77,90,74,104,129,Route 32,(None),None,SILVER,,ENG (English),TRUE,N/A,N/A,N/A,0,0,0,10,8,8,8,8,120000,50,2663,3135,3141,2384,2384,2854,0,0,0,0,0,0,0,N/A,-1,0,0,0,0,7,0,FALSE,FALSE,TRUE,FALSE,55330,0,0,10,5,15,5,0,0,0,0,(None),(None),(None),(None),0,0,0,1,1,1,1,1,1,0
,BOX5:15,HOPPIP,Hoppip,Hardy,F,65535,Bug,,Splash,Synthesis,Tail Whip,Flash,(None),19,8,10,9,11,10,Route 31,(None),None,SILVER,,ENG (English),TRUE,N/A,N/A,N/A,0,0,14,1,13,8,8,3,135,5,0,0,0,0,0,0,0,0,0,0,0,0,0,N/A,-1,1,0,0,0,5,0,FALSE,FALSE,TRUE,FALSE,55330,0,0,40,5,30,20,0,0,0,0,(None),(None),(None),(None),0,0,0,1,1,1,1,1,1,0
,BOX5:16,FERALIGATR,Feraligatr,Hardy,M,65535,Dark,,Surf,Earthquake,Ice Beam,Dynamic Punch,Mystic Water,191,156,151,130,134,129,New Bark Town,(None),None,ETHAN,,ENG (English),TRUE,N/A,N/A,N/A,0,0,15,15,15,15,15,15,120000,50,65535,65535,65535,65535,65535,65535,0,0,0,0,0,0,0,N/A,-1,0,0,0,0,5,0,FALSE,FALSE,FALSE,FALSE,57280,0,0,24,16,16,8,3,3,3,3,(None),(None),(None),(None),0,0,0,1,1,1,1,1,1,0
,BOX6:01,LAPRAS,Lapras,Hardy,M,65535,Dark,,Ice Beam,Sing,Surf,Thunderbolt,SilverPowder,236,107,131,136,146,111,Union Cave,(None),None,SILVER,,ENG (English),TRUE,N/A,N/A,N/A,0,0,15,15,15,15,15,15,156250,50,65535,290,65535,65535,65535,65535,0,0,0,0,0,0,0,N/A,-1,0,0,0,0,20,0,FALSE,FALSE,FALSE,FALSE,55330,0,0,10,15,15,15,0,0,0,0,(None),(None),(None),(None),0,0,0,1,1,1,1,1,1,0
,BOX6:02,UMBREON,Umbreon,Hardy,M,65535,Dark,,Toxic,Protect,Baton Pass,Feint Attack,Thick Club,201,116,161,111,181,116,Goldenrod City,(None),None,SILVER,,ENG (English),TRUE,N/A,N/A,N/A,0,0,15,15,15,15,15,15,125084,50,65535,65535,65535,65535,65535,65535,0,0,0,0,0,0,0,N/A,-1,0,0,0,0,20,0,FALSE,FALSE,FALSE,FALSE,55330,0,0,10,10,40,20,0,0,0,0,(None),(None),(None),(None),0,0,0,1,1,1,1,1,1,0
,BOX6:03,ESPEON,Espeon,Hardy,M,65535,Dark,,Psychic,Reflect,Baton Pass,Psych Up,Bitter Berry,171,116,111,181,146,161,(None),(None),None,RED,,ENG (English),TRUE,N/A,N/A,N/A,0,0,15,15,15,15,15,15,125000,50,65535,65535,65535,65535,65535,65535,0,0,0,0,0,0,0,N/A,-1,0,0,0,0,0,0,FALSE,FALSE,FALSE,FALSE,57982,0,0,10,20,40,10,0,0,0,0,(None),(None),(None),(None),0,0,0,1,1,1,1,1,1,0
,BOX6:04,GYARADOS,Gyarados,Hardy,F,65535,Fire,,Surf,Strength,Waterfall,Whirlpool,(None),54,43,28,25,37,30,Lake of Rage,(None),None,SILVER,,ENG (English),TRUE,N/A,N/A,N/A,0,0,2,2,0,8,8,3,4218,15,0,0,0,0,0,0,0,0,0,0,0,0,0,N/A,-1,1,0,0,0,15,0,FALSE,FALSE,TRUE,FALSE,55330,0,0,15,15,15,15,0,0,0,0,(None),(None),(None),(None),0,0,0,1,1,1,1,1,1,0
,BOX6:05,PARAS,Paras,Hardy,M,65535,Water,,Scratch,Cut,Flash,(None),Smoke Ball,20,14,13,12,13,8,Ilex Forest,(None),None,SILVER,,ENG (English),TRUE,N/A,N/A,N/A,0,0,5,10,13,15,15,0,330,6,20,32,47,30,30,17,0,0,0,0,0,0,0,N/A,-1,0,0,0,0,6,0,FALSE,FALSE,TRUE,FALSE,55330,0,0,35,30,20,0,0,0,0,0,(None),(None),(None),(None),0,0,0,1,1,1,1,1,1,0
